,Video Name,Length,Average Band Energy,Avg Intensity,Max Intensity,Mean Intensity,Range Intensity,SD Intensity,Avg Pitch,Max Pitch,Mean Pitch,Range Pitch,SD Pitch,Mean F1,Mean F2,Mean F3,Mean B1,Mean B2,Mean B3,SD F1,SD F2,SD F3,Mean F2/F1,Mean F3/F1,SD F2/F1,SD F3/F1
0,video1_q1.mp3,12.942562358276644,0.013111818373674627,64.7982958069427,74.45497138541485,43.192841196706524,31.262130188708326,6.399614091549788,157.3524563882806,375.22313097529627,113.98396149591079,261.2391694793855,35.21757685763301,613.1644154278457,1699.1134757259938,2704.2313691100194,459.95040064438496,472.7854678492105,463.1831393695427,280.90740602343794,429.39812115332205,355.34018159697365,3.2317024165231225,5.072435847994522,1.6807130886249293,2.0242184715789735
