,Video Name,Length,Average Band Energy,Avg Intensity,Max Intensity,Mean Intensity,Range Intensity,SD Intensity,Avg Pitch,Max Pitch,Mean Pitch,Range Pitch,SD Pitch,Mean F1,Mean F2,Mean F3,Mean B1,Mean B2,Mean B3,SD F1,SD F2,SD F3,Mean F2/F1,Mean F3/F1,SD F2/F1,SD F3/F1
0,file.wav,60.882721088435375,0.36305420307837283,71.73911275034834,87.0227034474482,-2.9357663048466494,89.95846975229485,17.105856034928905,153.9482795986093,594.518332340771,74.96600528809981,519.5523270526712,42.201954753557395,623.064432561525,1783.005139787568,2798.6730259104647,347.02978253847425,513.1807671626451,636.5069548104174,336.98310364534325,390.2482952839439,387.2097046816988,3.545502667321683,5.54788821427451,2.026365450802739,2.986736329413265
