,Video Name,Length,Average Band Energy,Avg Intensity,Max Intensity,Mean Intensity,Range Intensity,SD Intensity,Avg Pitch,Max Pitch,Mean Pitch,Range Pitch,SD Pitch,Mean F1,Mean F2,Mean F3,Mean B1,Mean B2,Mean B3,SD F1,SD F2,SD F3,Mean F2/F1,Mean F3/F1,SD F2/F1,SD F3/F1
0,file.wav,50.828480725623585,0.16477682847147715,69.08732636434544,81.90195197786677,-2.931429622013053,84.83338159987983,13.35276949258441,186.8978278766011,584.4223183194736,74.99622495821384,509.42609336125975,66.28369482034947,623.6566280440256,1770.0641646667577,2842.234322533559,351.61194793047673,551.8601172175638,647.2402537898081,309.07664368836765,405.02814218592175,376.1745426716869,3.431465448575275,5.524896460714221,1.999658994748916,3.060248898522682
