,Video Name,Length,Average Band Energy,Avg Intensity,Max Intensity,Mean Intensity,Range Intensity,SD Intensity,Avg Pitch,Max Pitch,Mean Pitch,Range Pitch,SD Pitch,Mean F1,Mean F2,Mean F3,Mean B1,Mean B2,Mean B3,SD F1,SD F2,SD F3,Mean F2/F1,Mean F3/F1,SD F2/F1,SD F3/F1
0,file.wav,55.356371882086165,0.3071130513583073,71.42623768575831,87.79817863245694,-2.936201201382187,90.73437983383913,19.910364545841603,157.12650874243997,588.4769191189473,75.12930854915314,513.3476105697941,47.07959608793431,663.9636443816012,1804.4179786065245,2835.698797846227,397.70779648783457,575.3591272891912,595.2799885250001,331.53609227752975,406.5579357134251,367.0766199304932,3.394350223529479,5.276413900080776,2.0428545315541644,2.8154655361907395
