,Video Name,Length,Average Band Energy,Avg Intensity,Max Intensity,Mean Intensity,Range Intensity,SD Intensity,Avg Pitch,Max Pitch,Mean Pitch,Range Pitch,SD Pitch,Mean F1,Mean F2,Mean F3,Mean B1,Mean B2,Mean B3,SD F1,SD F2,SD F3,Mean F2/F1,Mean F3/F1,SD F2/F1,SD F3/F1
0,file.wav,305.71392290249435,1.6850980027418585,71.39225034411353,86.63632676987375,-2.9365433210688097,89.57287009094256,15.81830984884061,165.77303642475485,595.3983828379226,75.50711591599259,519.89126692193,43.06192077438988,694.8448795905031,1846.1124497594067,2861.2648386492933,443.5118409004687,624.1155354857214,631.6096653843871,366.13154081997874,426.80278209715163,380.80169429504093,3.3950520649591582,5.2856421739404835,2.2704487782432365,3.3896995176388995
