,Video Name,Length,Average Band Energy,Avg Intensity,Max Intensity,Mean Intensity,Range Intensity,SD Intensity,Avg Pitch,Max Pitch,Mean Pitch,Range Pitch,SD Pitch,Mean F1,Mean F2,Mean F3,Mean B1,Mean B2,Mean B3,SD F1,SD F2,SD F3,Mean F2/F1,Mean F3/F1,SD F2/F1,SD F3/F1
0,file.wav,82.4540589569161,0.07837213103102492,63.76382272935175,78.56843724050893,-2.927344194614311,81.49578143512323,14.984703295095438,133.58611768946588,569.2424256699022,99.31801426604565,469.92441140385654,23.6254987580804,855.9621730067771,1909.7309953674965,2917.860402436096,430.1122110410061,751.8919055035042,799.4709590046347,289.14541810778735,386.092972907655,391.81221194209263,2.557647958106021,3.9889644383407186,1.4575825330990513,2.4063855565305943
