,Video Name,Length,Average Band Energy,Avg Intensity,Max Intensity,Mean Intensity,Range Intensity,SD Intensity,Avg Pitch,Max Pitch,Mean Pitch,Range Pitch,SD Pitch,Mean F1,Mean F2,Mean F3,Mean B1,Mean B2,Mean B3,SD F1,SD F2,SD F3,Mean F2/F1,Mean F3/F1,SD F2/F1,SD F3/F1
0,file.wav,54.82231292517007,0.02845770899877077,60.840413549640985,72.01054614103447,45.769628031001645,26.240918110032823,4.960854438762812,201.97283994569156,595.7872713580857,99.26128401503857,496.5259873430472,124.43971456896557,690.7121889807489,1741.6200557197299,2793.996424921325,481.8900063139214,592.127350336834,668.6989676999802,345.25868555998505,397.0960539463623,400.9471094016755,3.086459832639329,5.00744566715505,1.7059247934907398,2.7699164968599113
