,Video Name,Length,Average Band Energy,Avg Intensity,Max Intensity,Mean Intensity,Range Intensity,SD Intensity,Avg Pitch,Max Pitch,Mean Pitch,Range Pitch,SD Pitch,Mean F1,Mean F2,Mean F3,Mean B1,Mean B2,Mean B3,SD F1,SD F2,SD F3,Mean F2/F1,Mean F3/F1,SD F2/F1,SD F3/F1
0,file.wav,158.82448979591837,0.44450895241539295,68.52253673330397,80.1625574341746,-2.937062093475047,83.09961952764965,6.264206872047612,152.0696306429681,597.7758813830621,80.28032780109379,517.4955535819684,69.33237226579922,767.1373042118244,1812.3907657243556,2793.886786192471,494.16148865668856,709.188570218688,720.6694422290835,299.7693195849177,364.8174585149711,428.8336939220149,2.7480969365642123,4.2548666471967085,1.414516002194245,2.1796230377982786
