,Video Name,Length,Average Band Energy,Avg Intensity,Max Intensity,Mean Intensity,Range Intensity,SD Intensity,Avg Pitch,Max Pitch,Mean Pitch,Range Pitch,SD Pitch,Mean F1,Mean F2,Mean F3,Mean B1,Mean B2,Mean B3,SD F1,SD F2,SD F3,Mean F2/F1,Mean F3/F1,SD F2/F1,SD F3/F1
0,file.wav,92.43863945578231,0.3326342797590402,69.5458481364405,79.12420628416936,-2.9444142533852014,82.06862053755457,14.483692168330357,135.99140530871648,592.6527746437761,75.57444412213898,517.0783305216371,31.98873907781566,708.9252338373718,1852.5967516829398,2879.281573893786,364.1004855125548,635.627768542894,654.081966980039,432.9683628853477,496.5373939642956,439.07661056226317,3.6992920845703408,5.927688147758352,2.5891242557671945,4.171680410909454
