,Video Name,Length,Average Band Energy,Avg Intensity,Max Intensity,Mean Intensity,Range Intensity,SD Intensity,Avg Pitch,Max Pitch,Mean Pitch,Range Pitch,SD Pitch,Mean F1,Mean F2,Mean F3,Mean B1,Mean B2,Mean B3,SD F1,SD F2,SD F3,Mean F2/F1,Mean F3/F1,SD F2/F1,SD F3/F1
0,file.wav,45.55755102040816,0.5476220710697478,74.78403855804744,85.82272686837112,-2.92907053798117,88.7517974063523,13.684492401611042,164.5167866903332,570.0055564145403,75.57772441972091,494.42783199481937,40.0861522669753,613.4071426279183,1744.092515509042,2777.2854829719467,360.6106624829308,482.6830238868302,563.5713127436467,298.9356021967942,398.0467274224133,356.5003050942078,3.399956847669704,5.375329323334852,1.8137269281239687,2.549749804850122
