,Video Name,Length,Average Band Energy,Avg Intensity,Max Intensity,Mean Intensity,Range Intensity,SD Intensity,Avg Pitch,Max Pitch,Mean Pitch,Range Pitch,SD Pitch,Mean F1,Mean F2,Mean F3,Mean B1,Mean B2,Mean B3,SD F1,SD F2,SD F3,Mean F2/F1,Mean F3/F1,SD F2/F1,SD F3/F1
0,file.wav,60.20934240362812,0.5061996405777788,73.23048363445659,88.13987350605262,-2.937001645357125,91.07687515140975,16.208633548627844,198.04288043011678,569.8822045012743,75.83823860852395,494.0439658927503,64.66816434862449,675.0184917893819,1765.1527744393395,2817.538279961617,370.65196731792264,551.4524578913313,618.9104860554239,305.59187627196064,396.7336104192252,343.9918963198675,3.114192266869189,4.9257369509924605,1.8383933506623453,2.4328896551989927
