,Video Name,Length,Average Band Energy,Avg Intensity,Max Intensity,Mean Intensity,Range Intensity,SD Intensity,Avg Pitch,Max Pitch,Mean Pitch,Range Pitch,SD Pitch,Mean F1,Mean F2,Mean F3,Mean B1,Mean B2,Mean B3,SD F1,SD F2,SD F3,Mean F2/F1,Mean F3/F1,SD F2/F1,SD F3/F1
0,file.wav,51.06068027210885,0.004738088933520542,53.64949522742635,72.15692290745733,39.400860424189595,32.75606248326773,6.18912093520795,182.6933169603012,419.6148915973352,103.8357528558128,315.7791387415224,84.41701153713923,772.2721355196,1701.1340973504473,2688.4857500656726,490.4422729885932,676.8172856837276,759.0539520121969,225.9750465747267,302.0091956759347,329.00347240594124,2.3851701998404478,3.805612062966858,0.813593780207764,1.3891249802758465
