,Video Name,Length,Average Band Energy,Avg Intensity,Max Intensity,Mean Intensity,Range Intensity,SD Intensity,Avg Pitch,Max Pitch,Mean Pitch,Range Pitch,SD Pitch,Mean F1,Mean F2,Mean F3,Mean B1,Mean B2,Mean B3,SD F1,SD F2,SD F3,Mean F2/F1,Mean F3/F1,SD F2/F1,SD F3/F1
0,file.wav,38.846984126984125,0.09810981357984479,68.13531580855323,78.8499193233464,-2.9364330266833907,81.78635235002979,8.524646533758574,129.50857013791634,197.7476237375561,109.3103108087567,88.4373129287994,11.34533151052646,826.3750812242137,1824.3661846996645,2788.7225481665096,592.0653429406511,744.9764882412923,817.829153689191,272.34003354610144,322.5179860843015,416.29023345322383,2.510275465641391,3.8645003936295037,1.3801243818094973,2.1492056502039953
